algorithm,maze_width,maze_height,density,runtime,cells_explored,path_length,cost,max_memory_used,seed
BFS,10,10,0.25,0.00014038197696208954,99,19,39,10,252659
DFS,10,10,0.25,9.718199726194143e-05,55,55,99,45,252659
ASTAR,10,10,0.25,0.00026585202431306243,99,19,27,33,252659
BFS,10,10,0.25,9.532703552395105e-05,71,19,36,7,595075
DFS,10,10,0.25,4.813895793631673e-05,28,27,51,20,595075
ASTAR,10,10,0.25,0.00012814596993848681,53,19,26,19,595075
BFS,10,10,0.25,0.00011686299694702029,84,19,31,8,437937
DFS,10,10,0.25,6.471399683505297e-05,45,39,64,25,437937
ASTAR,10,10,0.25,0.00011368602281436324,50,19,22,16,437937
BFS,10,10,0.25,0.00012305501149967313,98,19,38,10,616180
DFS,10,10,0.25,8.404400432482362e-05,56,55,99,42,616180
ASTAR,10,10,0.25,0.00022490601986646652,95,19,25,37,616180
BFS,10,10,0.25,9.68909589573741e-05,77,19,37,10,322472
DFS,10,10,0.25,7.049599662423134e-05,50,41,89,23,322472
ASTAR,10,10,0.25,0.00013742496958002448,61,19,30,15,322472
BFS,10,10,0.25,0.00013536098413169384,99,19,38,12,783470
DFS,10,10,0.25,8.406501729041338e-05,56,53,108,44,783470
ASTAR,10,10,0.25,0.00015338900266215205,64,19,23,30,783470
BFS,10,10,0.25,0.00011730298865586519,93,19,32,9,75511
DFS,10,10,0.25,6.84419646859169e-05,45,43,74,33,75511
ASTAR,10,10,0.25,0.00017630599904805422,65,19,24,24,75511
BFS,10,10,0.25,0.00012276496272534132,97,19,34,10,646508
DFS,10,10,0.25,8.946500020101666e-05,65,37,61,42,646508
ASTAR,10,10,0.25,0.00011039897799491882,44,19,20,32,646508
BFS,10,10,0.25,0.00012188300024718046,89,19,36,13,212043
DFS,10,10,0.25,7.238000398501754e-05,49,37,56,31,212043
ASTAR,10,10,0.25,0.00015795801300555468,71,19,28,23,212043
BFS,10,10,0.25,0.0001126040006056428,90,19,33,10,77672
DFS,10,10,0.25,8.319300832226872e-05,57,47,96,33,77672
ASTAR,10,10,0.25,0.0001720970030874014,65,19,25,19,77672
BFS,10,10,0.35,0.0001126040006056428,89,19,27,10,889745
DFS,10,10,0.35,8.599902503192425e-05,62,35,66,35,889745
ASTAR,10,10,0.35,0.0001289770007133484,56,19,24,25,889745
BFS,10,10,0.35,0.0001331570092588663,98,19,41,12,199730
DFS,10,10,0.35,8.992600487545133e-05,64,37,62,44,199730
ASTAR,10,10,0.35,0.00016111403238028288,69,19,22,33,199730
BFS,10,10,0.35,0.00011119002010673285,89,19,34,11,973048
DFS,10,10,0.35,8.106796303763986e-05,58,39,74,32,973048
ASTAR,10,10,0.35,0.00013871799455955625,51,19,22,22,973048
BFS,10,10,0.35,7.356301648542285e-05,58,19,35,8,998446
DFS,10,10,0.35,7.818301673978567e-05,62,19,29,10,998446
ASTAR,10,10,0.35,8.322199573740363e-05,38,19,24,12,998446
BFS,10,10,0.35,0.00012169202091172338,94,19,39,10,507087
DFS,10,10,0.35,9.683100506663322e-05,61,49,89,37,507087
ASTAR,10,10,0.35,0.0001294779940508306,57,19,24,24,507087
BFS,10,10,0.35,0.00010101997759193182,80,19,36,9,909655
DFS,10,10,0.35,9.663996752351522e-05,76,23,44,30,909655
ASTAR,10,10,0.35,0.00014460994862020016,67,19,27,18,909655
BFS,10,10,0.35,9.768304880708456e-05,77,19,36,9,942485
DFS,10,10,0.35,7.40939867682755e-05,54,33,66,23,942485
ASTAR,10,10,0.35,0.00014675501734018326,71,19,32,11,942485
BFS,10,10,0.35,9.080796735361218e-05,72,21,39,8,996567
DFS,10,10,0.35,9.120901813730597e-05,54,37,76,22,996567
ASTAR,10,10,0.35,0.00015454995445907116,68,21,37,15,996567
BFS,10,10,0.35,0.00014801800716668367,80,19,33,9,708984
DFS,10,10,0.35,0.0001250500208698213,51,31,69,31,708984
ASTAR,10,10,0.35,0.00014390901196748018,36,19,23,20,708984
BFS,10,10,0.35,0.00010684097651392221,84,19,42,11,120273
DFS,10,10,0.35,7.634900975972414e-05,53,39,85,31,120273
ASTAR,10,10,0.35,0.00012414698721840978,54,19,25,25,120273
BFS,10,10,0.45,0.0001273540547117591,91,19,40,12,635641
DFS,10,10,0.45,8.061697008088231e-05,57,39,73,39,635641
ASTAR,10,10,0.45,7.846200605854392e-05,32,19,25,14,635641
BFS,10,10,0.45,0.0001289870124310255,96,19,42,11,293781
DFS,10,10,0.45,8.404400432482362e-05,57,53,119,40,293781
ASTAR,10,10,0.45,0.00015852804062888026,71,19,26,23,293781
BFS,10,10,0.45,0.00011649099178612232,92,19,29,12,226647
DFS,10,10,0.45,9.116897126659751e-05,66,37,68,35,226647
ASTAR,10,10,0.45,0.00019142800010740757,87,19,28,19,226647
BFS,10,10,0.45,0.00010999798541888595,80,19,37,8,295701
DFS,10,10,0.45,5.640694871544838e-05,38,31,73,25,295701
ASTAR,10,10,0.45,0.000167767982929945,80,19,33,20,295701
BFS,10,10,0.45,0.00010233197826892138,81,19,37,9,653914
DFS,10,10,0.45,7.953500607982278e-05,58,39,79,26,653914
ASTAR,10,10,0.45,0.00018052401719614863,74,19,30,18,653914
BFS,10,10,0.45,0.00012431800132617354,99,19,33,10,319294
DFS,10,10,0.45,8.304195944219828e-05,55,53,98,44,319294
ASTAR,10,10,0.45,0.00012502894969657063,52,19,24,38,319294
BFS,10,10,0.45,0.00011139101115986705,80,19,27,9,822822
DFS,10,10,0.45,8.081697160378098e-05,59,31,50,34,822822
ASTAR,10,10,0.45,9.949697414413095e-05,43,19,26,20,822822
BFS,10,10,0.45,6.664800457656384e-05,50,19,33,5,39241
DFS,10,10,0.45,6.71889865770936e-05,51,23,43,14,39241
ASTAR,10,10,0.45,7.840199396014214e-05,37,19,30,7,39241
BFS,10,10,0.45,0.00011230300879105926,82,19,38,10,177393
DFS,10,10,0.45,7.056602044031024e-05,41,33,50,28,177393
ASTAR,10,10,0.45,0.00012565095676109195,54,19,22,22,177393
BFS,10,10,0.45,0.00012182304635643959,96,19,29,10,58554
DFS,10,10,0.45,9.16499993763864e-05,66,37,70,43,58554
ASTAR,10,10,0.45,0.00014755601296201348,59,19,22,32,58554
BFS,20,20,0.25,0.0004824009956791997,353,39,69,19,731552
DFS,20,20,0.25,0.0002601699670776725,183,119,224,127,731552
ASTAR,20,20,0.25,0.000332741008605808,140,39,47,60,731552
BFS,20,20,0.25,0.0005386979901231825,397,39,71,20,858911
DFS,20,20,0.25,0.00029969203751534224,194,189,365,186,858911
ASTAR,20,20,0.25,0.0004890149575658143,207,39,45,98,858911
BFS,20,20,0.25,0.0004911189898848534,354,39,65,20,446945
DFS,20,20,0.25,0.0003005040343850851,214,145,274,146,446945
ASTAR,20,20,0.25,0.0007770319934934378,327,39,48,78,446945
BFS,20,20,0.25,0.00046651798766106367,375,39,72,20,165519
DFS,20,20,0.25,0.00030709803104400635,215,161,301,167,165519
ASTAR,20,20,0.25,0.0006840599817223847,308,39,50,76,165519
BFS,20,20,0.25,0.0004099900252185762,336,39,70,23,634031
DFS,20,20,0.25,0.00029627501498907804,210,65,124,95,634031
ASTAR,20,20,0.25,0.0006149259861558676,285,41,58,71,634031
BFS,20,20,0.25,0.0004449940170161426,355,39,71,19,916509
DFS,20,20,0.25,0.0002823860268108547,198,153,304,145,916509
ASTAR,20,20,0.25,0.0007863320061005652,350,41,57,68,916509
BFS,20,20,0.25,0.00045664800563827157,365,39,76,22,513967
DFS,20,20,0.25,0.0003270789748057723,212,147,280,136,513967
ASTAR,20,20,0.25,0.000583161017857492,252,39,49,90,513967
BFS,20,20,0.25,0.0005108300247229636,394,39,65,20,836659
DFS,20,20,0.25,0.0003408369957469404,238,167,347,174,836659
ASTAR,20,20,0.25,0.0008079870021902025,342,39,49,76,836659
BFS,20,20,0.25,0.0004205529694445431,328,39,68,21,593675
DFS,20,20,0.25,0.00023889500880613923,176,119,218,101,593675
ASTAR,20,20,0.25,0.0005507529713213444,249,41,55,40,593675
BFS,20,20,0.25,0.00038329599192366004,315,39,89,17,525519
DFS,20,20,0.25,0.00022753298981115222,166,89,169,87,525519
ASTAR,20,20,0.25,0.0003967730444855988,184,39,53,36,525519
BFS,20,20,0.35,0.00044267799239605665,357,39,73,24,204339
DFS,20,20,0.35,0.00025881698820739985,176,167,340,155,204339
ASTAR,20,20,0.35,0.0004810690297745168,208,39,47,67,204339
BFS,20,20,0.35,0.0004789739614352584,375,39,88,23,405583
DFS,20,20,0.35,0.0002909940085373819,190,147,297,163,405583
ASTAR,20,20,0.35,0.0008202120079658926,364,41,55,67,405583
BFS,20,20,0.35,0.0004017840255983174,329,39,79,19,849952
DFS,20,20,0.35,0.00029561296105384827,208,115,243,142,849952
ASTAR,20,20,0.35,0.0006209689890965819,284,39,53,49,849952
BFS,20,20,0.35,0.0004908080445602536,392,39,75,20,606281
DFS,20,20,0.35,0.0002859130036085844,192,191,393,183,606281
ASTAR,20,20,0.35,0.0009454719838686287,387,39,53,83,606281
BFS,20,20,0.35,0.0003244330291636288,264,39,79,15,213408
DFS,20,20,0.35,0.00021340296370908618,141,123,235,119,213408
ASTAR,20,20,0.35,0.0005719569744542241,263,39,61,40,213408
BFS,20,20,0.35,0.00032083597034215927,265,39,78,15,922310
DFS,20,20,0.35,0.00024120003217831254,189,77,161,68,922310
ASTAR,20,20,0.35,0.0003908919752575457,181,39,54,34,922310
BFS,20,20,0.35,0.0004428490065038204,360,39,73,24,707458
DFS,20,20,0.35,0.00025271502090618014,173,153,286,150,707458
ASTAR,20,20,0.35,0.0006459010182879865,276,39,50,81,707458
BFS,20,20,0.35,0.0004940949729643762,384,39,78,20,35668
DFS,20,20,0.35,0.00029326899675652385,199,191,360,176,35668
ASTAR,20,20,0.35,0.0008042789995670319,340,39,46,100,35668
BFS,20,20,0.35,0.00039932900108397007,313,39,68,19,660330
DFS,20,20,0.35,0.00024191202828660607,180,111,213,98,660330
ASTAR,20,20,0.35,0.0005622869939543307,252,41,57,48,660330
BFS,20,20,0.35,0.0004541430389508605,366,39,69,22,561057
DFS,20,20,0.35,0.00030349002918228507,198,141,260,161,561057
ASTAR,20,20,0.35,0.0007409069803543389,310,39,52,57,561057
BFS,20,20,0.45,0.0004306840128265321,344,39,68,19,254006
DFS,20,20,0.45,0.0002914440119639039,214,115,214,144,254006
ASTAR,20,20,0.45,0.0007133199833333492,323,39,55,52,254006
BFS,20,20,0.45,0.0004106720443814993,336,39,70,17,141217
DFS,20,20,0.45,0.00027902901638299227,190,133,273,122,141217
ASTAR,20,20,0.45,0.0003390840138308704,147,39,46,68,141217
BFS,20,20,0.45,0.00029321794863790274,234,39,66,14,122067
DFS,20,20,0.45,0.00019365199841558933,142,99,192,81,122067
ASTAR,20,20,0.45,0.00038288498762995005,174,39,51,37,122067
BFS,20,20,0.45,0.0004382989718578756,317,39,70,26,476474
DFS,20,20,0.45,0.00023631099611520767,177,97,191,82,476474
ASTAR,20,20,0.45,0.0004257230320945382,190,39,48,45,476474
BFS,20,20,0.45,0.0004883329966105521,384,39,78,22,714195
DFS,20,20,0.45,0.0003305159625597298,242,151,287,177,714195
ASTAR,20,20,0.45,0.0008197609568014741,366,41,51,70,714195
BFS,20,20,0.45,0.00035695097176358104,294,39,69,24,727668
DFS,20,20,0.45,0.0002647099900059402,176,121,248,106,727668
ASTAR,20,20,0.45,0.0004672799841500819,217,39,53,45,727668
BFS,20,20,0.45,0.0005140469875186682,378,39,78,21,625442
DFS,20,20,0.45,0.0003295339993201196,239,143,286,158,625442
ASTAR,20,20,0.45,0.0004073960008099675,169,39,48,97,625442
BFS,20,20,0.45,0.00048145902110263705,390,39,72,20,191853
DFS,20,20,0.45,0.000344806001521647,236,157,301,157,191853
ASTAR,20,20,0.45,0.00027600297471508384,109,39,44,83,191853
BFS,20,20,0.45,0.00043751701014116406,355,39,67,19,185219
DFS,20,20,0.45,0.00025599199580028653,173,145,282,140,185219
ASTAR,20,20,0.45,0.0006615929887630045,291,41,50,67,185219
BFS,20,20,0.45,0.0004199810209684074,334,39,82,20,430816
DFS,20,20,0.45,0.0003496150020509958,235,99,199,123,430816
ASTAR,20,20,0.45,0.0004866190138272941,218,39,52,37,430816
BFS,50,50,0.25,0.0030003960127942264,2364,99,236,54,446904
DFS,50,50,0.25,0.001905264041852206,1363,727,1693,957,446904
ASTAR,50,50,0.25,0.004220968985464424,1690,101,125,270,446904
BFS,50,50,0.25,0.0030592979746870697,2426,99,247,50,110920
DFS,50,50,0.25,0.0019369490328244865,1381,953,2251,1138,110920
ASTAR,50,50,0.25,0.004567869997117668,1703,99,117,329,110920
BFS,50,50,0.25,0.002910059003625065,2285,99,224,53,425236
DFS,50,50,0.25,0.0020954679930582643,1604,547,1251,795,425236
ASTAR,50,50,0.25,0.0037122630164958537,1454,101,126,248,425236
BFS,50,50,0.25,0.0027620919863693416,2242,99,217,50,946391
DFS,50,50,0.25,0.00170185201568529,1227,821,1846,925,946391
ASTAR,50,50,0.25,0.002375920012127608,978,99,113,209,946391
BFS,50,50,0.25,0.0030146759818308055,2442,99,220,53,780458
DFS,50,50,0.25,0.0018079719739034772,1254,891,2116,1008,780458
ASTAR,50,50,0.25,0.0054537380347028375,2126,99,125,349,780458
BFS,50,50,0.25,0.0029392190044745803,2371,99,196,48,877586
DFS,50,50,0.25,0.0018878270057030022,1312,841,1976,1049,877586
ASTAR,50,50,0.25,0.004304963978938758,1780,103,120,263,877586
BFS,50,50,0.25,0.002502985007595271,2015,99,244,44,983517
DFS,50,50,0.25,0.0020086090080440044,1376,535,1371,581,983517
ASTAR,50,50,0.25,0.003704035945702344,1538,101,134,192,983517
BFS,50,50,0.25,0.0029700640006922185,2362,99,215,49,547603
DFS,50,50,0.25,0.0018129319651052356,1260,923,2132,1091,547603
ASTAR,50,50,0.25,0.002555152983404696,1006,99,112,368,547603
BFS,50,50,0.25,0.0029691410018131137,2389,99,252,49,253049
DFS,50,50,0.25,0.0017555830418132246,1205,841,1995,1111,253049
ASTAR,50,50,0.25,0.005593537993263453,2264,101,123,331,253049
BFS,50,50,0.25,0.0027604589704424143,2191,99,215,51,50107
DFS,50,50,0.25,0.002014230005443096,1495,603,1356,724,50107
ASTAR,50,50,0.25,0.004519138019531965,1869,101,124,226,50107
BFS,50,50,0.35,0.0028855790151283145,2303,99,213,49,644222
DFS,50,50,0.35,0.001842303026933223,1332,777,1831,1051,644222
ASTAR,50,50,0.35,0.005473759025335312,2248,99,133,259,644222
BFS,50,50,0.35,0.0026066090213134885,2129,99,206,50,994947
DFS,50,50,0.35,0.0017566860187798738,1286,643,1473,690,994947
ASTAR,50,50,0.35,0.0027021669666282833,1130,103,127,205,994947
BFS,50,50,0.35,0.0025773380184546113,2047,99,235,52,280244
DFS,50,50,0.35,0.0016903270152397454,1232,663,1537,740,280244
ASTAR,50,50,0.35,0.004025713948067278,1593,101,132,263,280244
BFS,50,50,0.35,0.0026259790174663067,2000,101,234,51,184055
DFS,50,50,0.35,0.0012690540170297027,915,451,1071,549,184055
ASTAR,50,50,0.35,0.0036766299745067954,1526,101,163,186,184055
BFS,50,50,0.35,0.002402636979240924,1908,99,244,40,396980
DFS,50,50,0.35,0.0015328509616665542,1045,537,1177,557,396980
ASTAR,50,50,0.35,0.002145301958080381,959,103,158,104,396980
BFS,50,50,0.35,0.0025819590082392097,2069,99,182,58,511524
DFS,50,50,0.35,0.002169993007555604,1731,307,703,561,511524
ASTAR,50,50,0.35,0.004020312975626439,1675,101,131,210,511524
BFS,50,50,0.35,0.0030481050489470363,2429,99,214,51,665983
DFS,50,50,0.35,0.0019555679755285382,1371,829,1927,1103,665983
ASTAR,50,50,0.35,0.005778983002528548,2343,99,125,388,665983
BFS,50,50,0.35,0.0022357600391842425,1782,99,250,45,460301
DFS,50,50,0.35,0.00136824999935925,947,483,1180,472,460301
ASTAR,50,50,0.35,0.002504276984836906,1136,101,136,82,460301
BFS,50,50,0.35,0.002506911987438798,1956,99,214,45,567782
DFS,50,50,0.35,0.0018648399855010211,1434,433,1042,585,567782
ASTAR,50,50,0.35,0.004109518951736391,1751,101,141,182,567782
BFS,50,50,0.35,0.002226240001618862,1620,99,220,38,473575
DFS,50,50,0.35,0.001661007001530379,1293,319,764,298,473575
ASTAR,50,50,0.35,0.0021751640015281737,1005,99,138,87,473575
BFS,50,50,0.45,0.002196568006183952,1754,103,235,47,704432
DFS,50,50,0.45,0.0019415700226090848,1413,249,547,464,704432
ASTAR,50,50,0.45,0.003888188977725804,1660,113,151,156,704432
BFS,50,50,0.45,0.0029497010400518775,2389,99,211,47,442408
DFS,50,50,0.45,0.001829436980187893,1257,937,2284,1104,442408
ASTAR,50,50,0.45,0.0034434960107319057,1368,99,115,368,442408
BFS,50,50,0.45,0.0018321120296604931,1418,99,257,42,856044
DFS,50,50,0.45,0.0013967690174467862,1065,339,795,339,856044
ASTAR,50,50,0.45,0.002031676995102316,911,99,137,139,856044
BFS,50,50,0.45,0.0029271140228956938,2297,99,216,43,109364
DFS,50,50,0.45,0.001986972987651825,1515,605,1422,679,109364
ASTAR,50,50,0.45,0.004532977007329464,1788,99,118,240,109364
BFS,50,50,0.45,0.0015754799824208021,1246,99,228,28,603311
DFS,50,50,0.45,0.0007983570103533566,550,371,869,336,603311
ASTAR,50,50,0.45,0.002541753987316042,1154,101,147,69,603311
BFS,50,50,0.45,0.003059097973164171,2382,99,240,50,479031
DFS,50,50,0.45,0.002099425997585058,1549,719,1678,831,479031
ASTAR,50,50,0.45,0.0051970750209875405,2017,99,121,348,479031
BFS,50,50,0.45,0.003097517997957766,2492,99,244,52,234409
DFS,50,50,0.45,0.001930936996359378,1277,1175,2702,1264,234409
ASTAR,50,50,0.45,0.004582049034070224,1773,99,116,392,234409
BFS,50,50,0.45,0.0025289879995398223,2031,99,206,38,598919
DFS,50,50,0.45,0.0017527579911984503,1204,725,1572,810,598919
ASTAR,50,50,0.45,0.0046538980095647275,1932,101,131,227,598919
BFS,50,50,0.45,0.0018079020082950592,1410,99,202,29,962086
DFS,50,50,0.45,0.0008206630009226501,576,301,714,283,962086
ASTAR,50,50,0.45,0.0023060660460032523,974,99,149,100,962086
BFS,50,50,0.45,0.0027852699859067798,2123,99,234,47,776068
DFS,50,50,0.45,0.0013214430073276162,937,609,1337,721,776068
ASTAR,50,50,0.45,0.005096826993394643,2028,99,130,219,776068
BFS,100,100,0.25,0.012789842032361776,9082,199,684,94,325555
DFS,100,100,0.25,0.007912870962172747,5077,2477,8966,3152,325555
ASTAR,100,100,0.25,0.013900035992264748,4901,199,245,840,325555
BFS,100,100,0.25,0.01492697698995471,9219,199,787,94,501649
DFS,100,100,0.25,0.007347017002757639,4859,2615,9706,3688,501649
ASTAR,100,100,0.25,0.019428808998782188,7060,205,248,1031,501649
BFS,100,100,0.25,0.01169958000537008,8764,199,767,86,418246
DFS,100,100,0.25,0.007052976987324655,4659,2581,9540,3145,418246
ASTAR,100,100,0.25,0.01778785401256755,6656,207,255,700,418246
BFS,100,100,0.25,0.012551005987916142,9413,199,683,99,964674
DFS,100,100,0.25,0.007510155031923205,5002,3361,12387,4086,964674
ASTAR,100,100,0.25,0.013774215010926127,4969,205,232,1088,964674
BFS,100,100,0.25,0.011040140991099179,8308,199,745,96,122787
DFS,100,100,0.25,0.0068946280516684055,4778,2535,9404,2699,122787
ASTAR,100,100,0.25,0.012650954013224691,4409,207,262,525,122787
BFS,100,100,0.25,0.013414137007202953,9128,199,723,103,233365
DFS,100,100,0.25,0.00815733801573515,5588,2557,9707,3453,233365
ASTAR,100,100,0.25,0.020789512956980616,7758,203,265,753,233365
BFS,100,100,0.25,0.012495861039496958,9557,199,801,98,80692
DFS,100,100,0.25,0.008172158966772258,5389,3225,11930,4018,80692
ASTAR,100,100,0.25,0.01194653200218454,4391,201,232,1107,80692
BFS,100,100,0.25,0.011779624968767166,8624,199,708,92,425818
DFS,100,100,0.25,0.007574459013994783,5317,2377,8298,2736,425818
ASTAR,100,100,0.25,0.015223091002553701,5660,203,252,842,425818
BFS,100,100,0.25,0.01279607496690005,9799,199,610,100,382233
DFS,100,100,0.25,0.007824658008757979,5175,3591,13072,4560,382233
ASTAR,100,100,0.25,0.022310419008135796,8136,203,239,1145,382233
BFS,100,100,0.25,0.010762916004750878,8202,199,721,97,648947
DFS,100,100,0.25,0.006893996964208782,4921,1957,7021,2221,648947
ASTAR,100,100,0.25,0.01228291995357722,4839,207,265,445,648947
BFS,100,100,0.35,0.009214040997903794,7085,199,800,89,752540
DFS,100,100,0.35,0.006047569971997291,4452,1273,4931,1197,752540
ASTAR,100,100,0.35,0.013305330998264253,5505,227,307,309,752540
BFS,100,100,0.35,0.011483340000268072,8861,203,764,97,717976
DFS,100,100,0.35,0.006766381033230573,4496,2469,9108,3088,717976
ASTAR,100,100,0.35,0.022229622001759708,8633,217,303,724,717976
BFS,100,100,0.35,0.009650596999563277,7382,199,667,73,511977
DFS,100,100,0.35,0.005932000000029802,4246,1499,5009,1551,511977
ASTAR,100,100,0.35,0.013440091046504676,5372,203,304,403,511977
BFS,100,100,0.35,0.011393843975383788,8557,199,697,84,367774
DFS,100,100,0.35,0.007493361015804112,5233,2251,8065,2625,367774
ASTAR,100,100,0.35,0.021119669021572918,8317,211,304,647,367774
BFS,100,100,0.35,0.010252876963932067,7541,199,768,82,733419
DFS,100,100,0.35,0.007187807001173496,5206,1933,7320,2043,733419
ASTAR,100,100,0.35,0.013794596947263926,5430,211,292,459,733419
BFS,100,100,0.35,0.012707731977570802,9643,199,657,102,719477
DFS,100,100,0.35,0.007592977024614811,5028,2767,10278,3731,719477
ASTAR,100,100,0.35,0.020508829969912767,7589,205,245,1070,719477
BFS,100,100,0.35,0.010938971012365073,8664,199,715,99,331729
DFS,100,100,0.35,0.008769107982516289,5835,2001,7284,2667,331729
ASTAR,100,100,0.35,0.021527624980080873,8245,209,287,665,331729
BFS,100,100,0.35,0.012437339988537133,9401,199,667,101,474301
DFS,100,100,0.35,0.007999802008271217,5271,2849,10140,3494,474301
ASTAR,100,100,0.35,0.022350542014464736,7811,199,251,1116,474301
BFS,100,100,0.35,0.013245055975858122,9233,199,663,92,989120
DFS,100,100,0.35,0.008005963987670839,4942,3079,11311,3639,989120
ASTAR,100,100,0.35,0.019644977990537882,7304,205,251,992,989120
BFS,100,100,0.35,0.009667763020843267,7337,199,806,90,924156
DFS,100,100,0.35,0.006791745021473616,4912,1563,5599,1521,924156
ASTAR,100,100,0.35,0.011920828954316676,4817,231,332,283,924156
BFS,100,100,0.45,0.00888061901787296,6795,199,664,77,178149
DFS,100,100,0.45,0.007216435973532498,5263,1195,4583,1552,178149
ASTAR,100,100,0.45,0.009929887019097805,3955,211,312,365,178149
BFS,100,100,0.45,0.009665578952990472,7407,199,708,75,964622
DFS,100,100,0.45,0.005852664995472878,3962,2207,8572,2582,964622
ASTAR,100,100,0.45,0.015518004016485065,5958,205,252,711,964622
BFS,100,100,0.45,0.007018144999165088,5288,201,720,55,496379
DFS,100,100,0.45,0.004561446025036275,3296,1305,4610,1620,496379
ASTAR,100,100,0.45,0.009080284042283893,3548,229,345,430,496379
BFS,100,100,0.45,0.012903366994578391,9788,199,716,107,781840
DFS,100,100,0.45,0.007869169989135116,5185,3819,13629,4536,781840
ASTAR,100,100,0.45,0.02112851699348539,7633,207,262,1250,781840
BFS,100,100,0.45,0.009644443984143436,7248,201,709,116,271372
DFS,100,100,0.45,0.0025104000233113766,1797,903,3350,1048,271372
ASTAR,100,100,0.45,0.014628206961788237,5880,229,330,348,271372
BFS,100,100,0.45,0.011856916011311114,9164,199,696,101,330836
DFS,100,100,0.45,0.00799982197349891,5496,1925,6629,2675,330836
ASTAR,100,100,0.45,0.008462782017886639,3201,201,242,849,330836
BFS,100,100,0.45,0.008316167979501188,6333,201,830,72,400803
DFS,100,100,0.45,0.004844894981943071,3507,1143,3890,1177,400803
ASTAR,100,100,0.45,0.014769370027352124,6133,215,351,346,400803
BFS,100,100,0.45,0.012163151986896992,9167,199,661,102,163079
DFS,100,100,0.45,0.0062916859751567245,4235,2787,9618,3603,163079
ASTAR,100,100,0.45,0.0219053189503029,8279,199,253,907,163079
BFS,100,100,0.45,0.007917761977296323,5947,213,914,64,989345
DFS,100,100,0.45,0.004488203965593129,3099,1405,5230,1565,989345
ASTAR,100,100,0.45,0.014122296997811645,5756,239,365,520,989345
BFS,100,100,0.45,0.013201315014157444,9758,199,717,109,109497
DFS,100,100,0.45,0.008074327022768557,5434,3323,11991,4292,109497
ASTAR,100,100,0.45,0.022056783025618643,7942,199,255,1222,109497
BFS,200,200,0.25,0.049242579960264266,35270,399,2764,185,565508
DFS,200,200,0.25,0.030659876996651292,18570,11829,86514,13177,565508
ASTAR,200,200,0.25,0.08621098799631,31878,405,980,829,565508
BFS,200,200,0.25,0.04864219401497394,34891,399,2954,177,527835
DFS,200,200,0.25,0.03385567798977718,18348,8857,65060,10640,527835
ASTAR,200,200,0.25,0.10179202200379223,34095,415,1018,626,527835
BFS,200,200,0.25,0.04963074601255357,35124,399,2810,186,384706
DFS,200,200,0.25,0.02905045700026676,17477,9287,67466,10898,384706
ASTAR,200,200,0.25,0.09544593299506232,33667,413,998,801,384706
BFS,200,200,0.25,0.05093005200615153,35797,399,3004,185,607858
DFS,200,200,0.25,0.03566046402556822,21572,8669,64160,11581,607858
ASTAR,200,200,0.25,0.09754468797473237,34948,411,998,785,607858
BFS,200,200,0.25,0.054765511013101786,35959,399,2992,194,840074
DFS,200,200,0.25,0.028527491027489305,17369,8365,60942,11164,840074
ASTAR,200,200,0.25,0.09716485999524593,34927,407,982,804,840074
BFS,200,200,0.25,0.04686378297628835,35526,399,2964,194,779172
DFS,200,200,0.25,0.02974306303076446,19640,9337,68692,11632,779172
ASTAR,200,200,0.25,0.09343341598287225,34939,419,1058,720,779172
BFS,200,200,0.25,0.04261035600211471,33271,399,2720,186,731963
DFS,200,200,0.25,0.02791561104822904,18876,8869,65096,10162,731963
ASTAR,200,200,0.25,0.08409866399597377,32386,417,1034,608,731963
BFS,200,200,0.25,0.05409215297549963,37374,399,3196,201,713724
DFS,200,200,0.25,0.031324526004027575,20144,11307,82768,14441,713724
ASTAR,200,200,0.25,0.0981121759978123,36221,401,918,962,713724
BFS,200,200,0.25,0.04251934704370797,32307,399,2950,196,141704
DFS,200,200,0.25,0.026576202013529837,18693,7161,50712,7965,141704
ASTAR,200,200,0.25,0.08528750104596838,31772,419,1082,731,141704
BFS,200,200,0.25,0.05235752399312332,38923,399,2862,199,251228
DFS,200,200,0.25,0.03234004299156368,20421,12407,91038,16634,251228
ASTAR,200,200,0.25,0.10611090500606224,38897,409,964,1037,251228
BFS,200,200,0.35,0.048916382947936654,34817,399,3120,181,238417
DFS,200,200,0.35,0.03331050701672211,24463,6637,47884,8305,238417
ASTAR,200,200,0.35,0.08498546498594806,32778,411,1002,779,238417
BFS,200,200,0.35,0.044327048992272466,34682,399,2666,177,735735
DFS,200,200,0.35,0.027343825029674917,19771,7693,55370,10546,735735
ASTAR,200,200,0.35,0.0854987499769777,33090,419,994,697,735735
BFS,200,200,0.35,0.04769701196346432,36885,399,2424,209,436481
DFS,200,200,0.35,0.03318705101264641,24303,7435,53776,11908,436481
ASTAR,200,200,0.35,0.09481925202999264,36728,429,1048,961,436481
BFS,200,200,0.35,0.0408351729856804,32778,399,3092,168,576139
DFS,200,200,0.35,0.027560906019061804,20203,6743,49162,8497,576139
ASTAR,200,200,0.35,0.07614504802040756,30279,435,1146,595,576139
BFS,200,200,0.35,0.04075948498211801,30082,399,2898,160,187873
DFS,200,200,0.35,0.026503171015065163,19298,5455,39922,6042,187873
ASTAR,200,200,0.35,0.06906886398792267,27243,431,1184,538,187873
BFS,200,200,0.35,0.04367126803845167,33601,399,3142,202,184935
DFS,200,200,0.35,0.03160062798997387,21698,6543,48966,8331,184935
ASTAR,200,200,0.35,0.09005192801123485,33326,423,1180,745,184935
BFS,200,200,0.35,0.040962507016956806,33000,399,2696,229,294599
DFS,200,200,0.35,0.02807379001751542,21022,6325,45990,7868,294599
ASTAR,200,200,0.35,0.0791934150038287,32393,421,1138,695,294599
BFS,200,200,0.35,0.04505039000650868,36012,399,2946,204,131402
DFS,200,200,0.35,0.03899868100415915,26279,4823,35032,6857,131402
ASTAR,200,200,0.35,0.08481475099688396,33433,429,1068,865,131402
BFS,200,200,0.35,0.04470983298961073,35376,399,2876,186,59452
DFS,200,200,0.35,0.0346386429737322,26094,7365,55182,10807,59452
ASTAR,200,200,0.35,0.08952591696288437,34362,407,1020,815,59452
BFS,200,200,0.35,0.0365781580330804,27116,399,2606,167,645802
DFS,200,200,0.35,0.014161447994410992,10437,5197,37572,4679,645802
ASTAR,200,200,0.35,0.055628632951993495,23649,429,1208,376,645802
BFS,200,200,0.45,0.03526245796820149,28143,399,3156,142,880949
DFS,200,200,0.45,0.02180930000031367,14919,8749,64434,10899,880949
ASTAR,200,200,0.45,0.07016425696201622,27878,415,1028,660,880949
BFS,200,200,0.45,0.04737427202053368,37686,399,2808,202,266935
DFS,200,200,0.45,0.030389456020202488,21605,9089,67200,13162,266935
ASTAR,200,200,0.45,0.09751238097669557,37661,411,1002,987,266935
BFS,200,200,0.45,0.030488850956317037,23078,399,2714,130,183818
DFS,200,200,0.45,0.018262038007378578,11032,5353,38426,6719,183818
ASTAR,200,200,0.45,0.056864527985453606,22732,419,1106,575,183818
BFS,200,200,0.45,0.04591069504385814,35807,399,2846,245,865835
DFS,200,200,0.45,0.02636797894956544,18543,8185,60154,10933,865835
ASTAR,200,200,0.45,0.09265986102400348,35804,403,1126,1176,865835
BFS,200,200,0.45,0.03499082400230691,25496,399,3370,153,174209
DFS,200,200,0.45,0.015350044996012002,11039,4721,35214,5872,174209
ASTAR,200,200,0.45,0.061787954007741064,25120,433,1130,670,174209
BFS,200,200,0.45,0.0450001559802331,34400,403,2984,218,171561
DFS,200,200,0.45,0.03460084495600313,21372,7785,56284,11796,171561
ASTAR,200,200,0.45,0.08943665202241391,34111,419,1054,887,171561
BFS,200,200,0.45,0.03194670600350946,24493,443,2906,186,235487
DFS,200,200,0.45,0.016707051021512598,12612,4465,32052,5336,235487
ASTAR,200,200,0.45,0.047443346004001796,20041,475,1450,464,235487
BFS,200,200,0.45,0.020004683989100158,16210,415,2950,135,497213
DFS,200,200,0.45,0.011974029010161757,9370,2053,14552,2324,497213
ASTAR,200,200,0.45,0.03598902601515874,16063,483,1574,261,497213
BFS,200,200,0.45,0.03558329300722107,27628,401,2962,200,498835
DFS,200,200,0.45,0.026029065949842334,17974,6301,46490,7920,498835
ASTAR,200,200,0.45,0.06880492600612342,27374,471,1284,751,498835
BFS,200,200,0.45,0.012387496011797339,10080,459,3398,58,445439
DFS,200,200,0.45,0.008090970979537815,6313,1621,11828,1644,445439
ASTAR,200,200,0.45,0.020055328961461782,9306,517,1750,191,445439
BFS,400,400,0.25,0.20529057597741485,139846,799,10630,376,295458
DFS,400,400,0.25,0.11270486901048571,68663,29281,430842,37556,295458
ASTAR,400,400,0.25,0.41161416500108317,139822,809,4002,1142,295458
BFS,400,400,0.25,0.22986914200009778,150273,799,11242,400,174284
DFS,400,400,0.25,0.14514215401140973,88429,36133,522826,50970,174284
ASTAR,400,400,0.25,0.45885986101347953,150260,837,3962,1516,174284
BFS,400,400,0.25,0.24487531400518492,158258,799,11090,402,505829
DFS,400,400,0.25,0.14625242800684646,81216,56273,818438,75483,505829
ASTAR,400,400,0.25,0.4889957499690354,158247,811,3834,1701,505829
BFS,400,400,0.25,0.2083088499493897,145431,799,12762,411,723387
DFS,400,400,0.25,0.13601728703361005,84423,34975,516890,47526,723387
ASTAR,400,400,0.25,0.42902069800766185,145401,849,4282,1525,723387
BFS,400,400,0.25,0.2381898199673742,157912,799,12494,404,209273
DFS,400,400,0.25,0.15529576496919617,83075,51555,757290,69139,209273
ASTAR,400,400,0.25,0.4925299150054343,157888,815,3702,1754,209273
BFS,400,400,0.25,0.20654761500190943,137194,799,11246,372,226284
DFS,400,400,0.25,0.11614977900171652,71908,32939,481774,39594,226284
ASTAR,400,400,0.25,0.4002770989900455,136843,839,4090,1180,226284
BFS,400,400,0.25,0.20287593500688672,143043,799,11774,394,855956
DFS,400,400,0.25,0.1372272790176794,77766,35299,517106,45368,855956
ASTAR,400,400,0.25,0.42490532802185044,142958,829,4002,1390,855956
BFS,400,400,0.25,0.18010502000106499,126490,799,11358,346,304441
DFS,400,400,0.25,0.1140380859724246,67561,31209,456634,31511,304441
ASTAR,400,400,0.25,0.35353564901743084,124570,873,4486,933,304441
BFS,400,400,0.25,0.20563786599086598,148137,799,12554,392,901742
DFS,400,400,0.25,0.13671510596759617,84223,31879,458206,49873,901742
ASTAR,400,400,0.25,0.4388216169900261,148118,823,3902,1534,901742
BFS,400,400,0.25,0.2266531190252863,148263,799,12094,403,884891
DFS,400,400,0.25,0.1228778000222519,72611,37199,537230,52640,884891
ASTAR,400,400,0.25,0.44901336799375713,148238,813,3930,1512,884891
BFS,400,400,0.35,0.17372042103670537,117684,799,11778,316,497217
DFS,400,400,0.35,0.0928338110097684,61085,23537,344326,24368,497217
ASTAR,400,400,0.35,0.31873832701239735,115095,847,4798,744,497217
BFS,400,400,0.35,0.2203289340250194,145727,799,11454,371,981888
DFS,400,400,0.35,0.13726904499344528,84652,35137,506258,46301,981888
ASTAR,400,400,0.35,0.4315062969690189,145250,817,3778,1348,981888
BFS,400,400,0.35,0.18009459803579375,129177,803,11262,340,480625
DFS,400,400,0.35,0.07722093199845403,52044,20191,294234,24897,480625
ASTAR,400,400,0.35,0.3665032599819824,129064,911,5034,1049,480625
BFS,400,400,0.35,0.18887355597689748,135307,799,11726,373,167168
DFS,400,400,0.35,0.12716979696415365,81035,27791,406286,35469,167168
ASTAR,400,400,0.35,0.38567632902413607,131732,819,3950,1492,167168
BFS,400,400,0.35,0.20989675499731675,149036,799,11102,402,878217
DFS,400,400,0.35,0.1549972950015217,92655,37517,547554,50852,878217
ASTAR,400,400,0.35,0.44999772997107357,148891,839,4002,1369,878217
BFS,400,400,0.35,0.1499269840423949,109632,811,12154,304,523946
DFS,400,400,0.35,0.0785579559742473,47763,17735,259258,16491,523946
ASTAR,400,400,0.35,0.2862336619873531,106242,1017,5626,645,523946
BFS,400,400,0.35,0.16120107000460848,115321,807,11822,315,804707
DFS,400,400,0.35,0.10471456800587475,71249,19849,288038,19422,804707
ASTAR,400,400,0.35,0.3189521699678153,115262,963,5374,662,804707
BFS,400,400,0.35,0.22674471797654405,146948,799,12126,387,445450
DFS,400,400,0.35,0.14470353396609426,88809,37303,547206,50215,445450
ASTAR,400,400,0.35,0.4322158700088039,146098,823,3890,1318,445450
BFS,400,400,0.35,0.14828021597350016,110708,805,12494,294,374852
DFS,400,400,0.35,0.07547188200987875,47390,19369,285938,18486,374852
ASTAR,400,400,0.35,0.24129004299174994,90997,893,4762,552,374852
BFS,400,400,0.35,0.19011358998250216,127474,799,12254,304,384316
DFS,400,400,0.35,0.13577378197805956,89564,20555,299918,24596,384316
ASTAR,400,400,0.35,0.3332157409749925,116040,849,4078,897,384316
BFS,400,400,0.45,0.1586721820058301,114287,801,11234,271,548708
DFS,400,400,0.45,0.10725083097349852,69200,21517,311430,27887,548708
ASTAR,400,400,0.45,0.32233461999567226,113460,821,4086,937,548708
BFS,400,400,0.45,0.18235084100160748,128314,799,11718,344,413434
DFS,400,400,0.45,0.13110062503255904,80434,36155,528358,47225,413434
ASTAR,400,400,0.45,0.37424143898533657,126003,823,3794,1422,413434
BFS,400,400,0.45,0.07195409102132544,52911,845,13146,159,574270
DFS,400,400,0.45,0.04051526804687455,29056,7505,108578,8213,574270
ASTAR,400,400,0.45,0.12994025700027123,51302,941,5414,570,574270
BFS,400,400,0.45,0.109921722963918,77132,839,12186,257,316389
DFS,400,400,0.45,0.07483151199994609,52752,8745,126626,12775,316389
ASTAR,400,400,0.45,0.20377141400240362,77028,921,5470,635,316389
BFS,400,400,0.45,0.13411698397248983,90597,799,12278,228,46243
DFS,400,400,0.45,0.09058412298327312,56680,24387,351406,30813,46243
ASTAR,400,400,0.45,0.2581306609790772,90396,837,3898,942,46243
BFS,400,400,0.45,0.16063215001486242,115325,801,12158,366,21622
DFS,400,400,0.45,0.11242736299755052,74993,19065,276022,27747,21622
ASTAR,400,400,0.45,0.3300717960228212,115252,859,4610,1181,21622
BFS,400,400,0.45,0.233097962976899,149187,839,12370,416,379094
DFS,400,400,0.45,0.16789192496798933,110551,24741,359702,37788,379094
ASTAR,400,400,0.45,0.45612499600974843,149075,873,4274,1619,379094
BFS,400,400,0.45,0.15626411500852555,113332,799,11654,308,291814
DFS,400,400,0.45,0.0974512139800936,64109,18585,270698,25935,291814
ASTAR,400,400,0.45,0.3182261039619334,112801,881,4306,1057,291814
BFS,400,400,0.45,0.08394301199587062,62756,805,11370,168,148020
DFS,400,400,0.45,0.07331799197709188,45738,10077,146158,13328,148020
ASTAR,400,400,0.45,0.16708487999858335,62739,855,4582,737,148020
BFS,400,400,0.45,0.20893174200318754,148680,799,11846,396,239761
DFS,400,400,0.45,0.14797541400184855,93270,31257,455850,41195,239761
ASTAR,400,400,0.45,0.44432210200466216,148647,817,3754,1390,239761
BFS,800,800,0.25,0.9160106459748931,550201,1599,44042,675,117022
DFS,800,800,0.25,0.5687193450285122,286283,136521,3997722,162627,117022
ASTAR,800,800,0.25,1.8586955080390908,548561,1631,15914,2075,117022
BFS,800,800,0.25,0.8724541760166176,541158,1599,49018,768,464193
DFS,800,800,0.25,0.4924532049917616,253381,125185,3654866,151251,464193
ASTAR,800,800,0.25,1.7987423709710129,540382,1675,16626,2312,464193
BFS,800,800,0.25,0.931643878982868,569291,1599,45714,783,799001
DFS,800,800,0.25,0.5727511619916186,280407,151755,4418410,189084,799001
ASTAR,800,800,0.25,1.973926239006687,568601,1651,15410,2666,799001
BFS,800,800,0.25,0.8585653640329838,522631,1599,46098,689,944123
DFS,800,800,0.25,0.5077696509542875,259046,126595,3693514,140363,944123
ASTAR,800,800,0.25,1.73808195698075,522617,1639,15978,2019,944123
BFS,800,800,0.25,0.9369770060293376,576187,1599,47098,722,734919
DFS,800,800,0.25,0.6049386690137908,305305,138359,4035170,180138,734919
ASTAR,800,800,0.25,2.0109061000403017,576004,1667,15698,2449,734919
BFS,800,800,0.25,0.9355393330333754,577516,1599,46930,754,276287
DFS,800,800,0.25,0.6198040479794145,323669,132733,3872042,173007,276287
ASTAR,800,800,0.25,1.9794962370069697,577490,1709,16586,2289,276287
BFS,800,800,0.25,0.9373748120269738,580937,1599,46450,754,259908
DFS,800,800,0.25,0.5753390730242245,292302,131921,3843250,187148,259908
ASTAR,800,800,0.25,2.029171315021813,580884,1625,15074,2652,259908
BFS,800,800,0.25,1.024657814996317,622373,1599,45530,810,317422
DFS,800,800,0.25,0.7932195360190235,411900,142093,4178618,201915,317422
ASTAR,800,800,0.25,2.223283562983852,622355,1609,14946,3087,317422
BFS,800,800,0.25,0.8814534120028839,534346,1599,45218,682,741610
DFS,800,800,0.25,0.5687984289834276,300714,121345,3550426,136856,741610
ASTAR,800,800,0.25,1.7903481320245191,531049,1761,17234,1936,741610
BFS,800,800,0.25,0.8229165450320579,512618,1599,45122,723,412462
DFS,800,800,0.25,0.4838064720388502,251609,122389,3585458,128343,412462
ASTAR,800,800,0.25,1.6944211110239848,512589,1685,18378,1954,412462
BFS,800,800,0.35,0.9558982430025935,584360,1599,49034,744,629814
DFS,800,800,0.35,0.583464625000488,298087,125767,3661770,177929,629814
ASTAR,800,800,0.35,2.058556035044603,584197,1651,15826,2441,629814
BFS,800,800,0.35,0.8839695730130188,549697,1599,46490,795,607021
DFS,800,800,0.35,0.5689089490333572,299492,100171,2909210,132792,607021
ASTAR,800,800,0.35,1.8880779939936474,547656,1653,16034,2928,607021
BFS,800,800,0.35,0.8088213029550388,505451,1599,48570,633,225319
DFS,800,800,0.35,0.5889601499657147,298677,87181,2551898,107734,225319
ASTAR,800,800,0.35,1.6022745439549908,484937,1701,16282,1667,225319
BFS,800,800,0.35,1.0383489669766277,619205,1599,46298,795,827161
DFS,800,800,0.35,0.7194413989782333,361792,150481,4389698,213545,827161
ASTAR,800,800,0.35,2.233296132006217,619197,1627,14874,2860,827161
BFS,800,800,0.35,0.682319130981341,430452,1615,47258,549,103749
DFS,800,800,0.35,0.3596427620504983,213094,69645,2030722,58947,103749
ASTAR,800,800,0.35,1.2996795600047335,415973,1965,21690,1174,103749
BFS,800,800,0.35,0.7075873599969782,449376,1601,46618,701,591063
DFS,800,800,0.35,0.4010241189971566,241870,63567,1844666,63498,591063
ASTAR,800,800,0.35,1.3952058279537596,432070,1705,18162,1618,591063
BFS,800,800,0.35,0.8451268959906884,520995,1605,44706,813,144585
DFS,800,800,0.35,0.5064052300294861,278725,85183,2479370,106996,144585
ASTAR,800,800,0.35,1.7526228220085613,520782,1765,17210,2784,144585
BFS,800,800,0.35,0.9148581949993968,556094,1603,47434,872,931993
DFS,800,800,0.35,0.5917083729873411,299663,128487,3751546,162017,931993
ASTAR,800,800,0.35,1.9468373229610734,555980,1685,16234,2583,931993
BFS,800,800,0.35,0.6808363149757497,436124,1613,47330,594,938721
DFS,800,800,0.35,0.38862671103561297,234309,65957,1920002,57569,938721
ASTAR,800,800,0.35,1.280801794026047,413071,1983,21570,1215,938721
BFS,800,800,0.35,0.71850362297846,439497,1603,48938,635,290365
DFS,800,800,0.35,0.41633004299364984,254464,61031,1781130,59219,290365
ASTAR,800,800,0.35,1.372284872981254,430243,1685,18954,1285,290365
BFS,800,800,0.45,0.9427887469646521,566726,1601,46570,794,966875
DFS,800,800,0.45,0.7931983629823662,437862,90811,2651386,167935,966875
ASTAR,800,800,0.45,1.9886206130031496,565598,1733,16762,2793,966875
BFS,800,800,0.45,0.2891457049991004,195893,1673,47906,275,899760
DFS,800,800,0.45,0.15772666002158076,94855,34153,1006418,44091,899760
ASTAR,800,800,0.45,0.5694695920101367,194806,1861,19570,921,899760
BFS,800,800,0.45,1.0033487839973532,609101,1603,44602,789,318544
DFS,800,800,0.45,0.7539083869778551,389843,143015,4193266,194978,318544
ASTAR,800,800,0.45,2.1748666869825684,609084,1655,15546,2769,318544
BFS,800,800,0.45,0.9146928120171651,561131,1599,46394,759,653960
DFS,800,800,0.45,0.6903874059789814,361825,129045,3774178,173495,653960
ASTAR,800,800,0.45,1.9471140069654211,559696,1609,15042,2449,653960
BFS,800,800,0.45,0.2662157400045544,182480,1771,51674,332,61029
DFS,800,800,0.45,0.1712238589534536,105358,35817,1049106,47756,61029
ASTAR,800,800,0.45,0.5370342619717121,182654,2009,22282,947,61029
BFS,800,800,0.45,0.4432804210227914,286854,1625,47722,792,89474
DFS,800,800,0.45,0.29147293500136584,181355,30007,880138,38613,89474
ASTAR,800,800,0.45,0.8993100189836696,284859,1725,18698,2361,89474
BFS,800,800,0.45,0.701187729020603,433472,1615,45426,778,234110
DFS,800,800,0.45,0.5854720319621265,350817,32707,958306,45491,234110
ASTAR,800,800,0.45,1.482600923976861,432005,1723,17218,2416,234110
BFS,800,800,0.45,0.9583756239735521,581434,1599,45834,774,975626
DFS,800,800,0.45,0.7151621989905834,362260,135431,3958586,194596,975626
ASTAR,800,800,0.45,2.060380842012819,581297,1629,15090,2843,975626
BFS,800,800,0.45,0.8427696139551699,514862,1599,48114,731,652050
DFS,800,800,0.45,0.4949443850200623,271560,86289,2513554,123108,652050
ASTAR,800,800,0.45,1.7670835219905712,514481,1643,15906,2590,652050
BFS,800,800,0.45,0.7661798329791054,476588,1651,48642,847,337688
DFS,800,800,0.45,0.6692934700404294,390378,43835,1276210,83926,337688
ASTAR,800,800,0.45,1.5921715089934878,472603,1775,19058,1937,337688
BFS,1600,1600,0.25,4.128860441036522,2356118,3199,178674,1564,236003
DFS,1600,1600,0.25,2.6128112449659966,1165602,508259,29639234,721077,236003
ASTAR,1600,1600,0.25,9.192845524987206,2356096,3259,59634,5396,236003
BFS,1600,1600,0.25,3.4631515899673104,1980310,3199,184978,1378,343189
DFS,1600,1600,0.25,2.2295451479731128,1006646,486367,28391858,466018,343189
ASTAR,1600,1600,0.25,7.228608593984973,1977146,3429,74130,3342,343189
BFS,1600,1600,0.25,4.579800017003436,2509944,3199,188306,1600,783846
DFS,1600,1600,0.25,3.5474348780116998,1552450,618803,36139058,860690,783846
ASTAR,1600,1600,0.25,10.437177314015571,2509782,3255,59298,5969,783846
BFS,1600,1600,0.25,3.906592964020092,2191832,3199,186050,1454,903683
DFS,1600,1600,0.25,2.4635622380301356,1064743,516319,30049490,628726,903683
ASTAR,1600,1600,0.25,8.302857571979985,2191822,3307,67122,3620,903683
BFS,1600,1600,0.25,4.524086749006528,2481832,3199,189250,1609,902139
DFS,1600,1600,0.25,3.5408401720342226,1562993,541581,31608066,761967,902139
ASTAR,1600,1600,0.25,10.293043052020948,2481781,3321,61826,5783,902139
BFS,1600,1600,0.25,3.58888258098159,2008377,3199,191906,1317,656241
DFS,1600,1600,0.25,2.2396747080492787,1000462,484835,28259858,487220,656241
ASTAR,1600,1600,0.25,7.36850586294895,2007831,3619,74242,3022,656241
BFS,1600,1600,0.25,4.195329179987311,2323214,3199,186994,1557,667349
DFS,1600,1600,0.25,2.719345488003455,1169012,505571,29512178,692063,667349
ASTAR,1600,1600,0.25,9.15390821103938,2323188,3295,62450,5289,667349
BFS,1600,1600,0.25,4.129640890983865,2294712,3199,187234,1483,387423
DFS,1600,1600,0.25,2.53559896099614,1077379,495897,28890802,671109,387423
ASTAR,1600,1600,0.25,8.950249652029015,2294669,3303,61746,4785,387423
BFS,1600,1600,0.25,4.55048362899106,2494346,3199,190850,1605,442178
DFS,1600,1600,0.25,3.722999465011526,1659322,541417,31729778,747958,442178
ASTAR,1600,1600,0.25,10.133017321000807,2494326,3241,59650,5982,442178
BFS,1600,1600,0.25,4.141551908978727,2315852,3199,182178,1582,583497
DFS,1600,1600,0.25,2.80599640897708,1229060,506349,29595138,679944,583497
ASTAR,1600,1600,0.25,9.099666587018874,2315809,3349,68946,5092,583497
BFS,1600,1600,0.35,4.256451883004047,2355539,3199,190802,1613,213361
DFS,1600,1600,0.35,3.238387811987195,1477629,444461,26098962,617691,213361
ASTAR,1600,1600,0.35,9.303119227988645,2343235,3313,63106,5329,213361
BFS,1600,1600,0.35,4.5412068770383485,2491014,3199,187490,1608,196043
DFS,1600,1600,0.35,3.73352229205193,1718739,447739,26171874,633958,196043
ASTAR,1600,1600,0.35,10.053582986991387,2490966,3249,59234,5874,196043
BFS,1600,1600,0.35,4.308762840053532,2383216,3201,187090,1641,826473
DFS,1600,1600,0.35,3.1314132449915633,1462390,390257,22728002,556394,826473
ASTAR,1600,1600,0.35,9.549138566013426,2382674,3301,64114,5860,826473
BFS,1600,1600,0.35,3.7280903090140782,2086798,3199,182098,1341,256984
DFS,1600,1600,0.35,2.3645285809761845,1101379,340731,19902706,421378,256984
ASTAR,1600,1600,0.35,7.875675418996252,2086774,3405,68834,4360,256984
BFS,1600,1600,0.35,3.629942239029333,2016529,3201,195634,1450,858635
DFS,1600,1600,0.35,2.370296759996563,1117161,308051,17969826,375449,858635
ASTAR,1600,1600,0.35,7.527392319985665,1973173,3487,68850,4365,858635
BFS,1600,1600,0.35,3.705149501969572,2059890,3223,182162,1430,185971
DFS,1600,1600,0.35,2.758650014991872,1326056,337981,19793906,392324,185971
ASTAR,1600,1600,0.35,7.721192299970426,2059353,3727,76866,4060,185971
BFS,1600,1600,0.35,4.2470675079966895,2338110,3199,187570,1583,220686
DFS,1600,1600,0.35,2.769886231981218,1229978,461063,26895538,603003,220686
ASTAR,1600,1600,0.35,9.294235945038963,2337697,3285,61810,5998,220686
BFS,1600,1600,0.35,3.107098827022128,1739542,3249,193122,1197,89996
DFS,1600,1600,0.35,1.760815393005032,911531,248851,14522402,219404,89996
ASTAR,1600,1600,0.35,6.067918690969236,1707527,3933,86194,2583,89996
BFS,1600,1600,0.35,3.781917252985295,2118685,3201,195170,1305,33740
DFS,1600,1600,0.35,2.3170073319924995,1071377,369279,21606146,473621,33740
ASTAR,1600,1600,0.35,7.98668725497555,2118636,3363,65858,4220,33740
BFS,1600,1600,0.35,3.626023727003485,2042634,3199,186978,1427,998655
DFS,1600,1600,0.35,1.7815014520310797,871359,296753,17361474,350690,998655
ASTAR,1600,1600,0.35,7.620846227975562,2028040,3467,68562,4188,998655
BFS,1600,1600,0.45,1.3712070650071837,809613,3673,210610,529,494207
DFS,1600,1600,0.45,1.2683535509859212,680386,114617,6697202,160923,494207
ASTAR,1600,1600,0.45,2.756542100047227,827153,4123,84674,1554,494207
BFS,1600,1600,0.45,3.965043433010578,2183213,3219,188210,1433,947983
DFS,1600,1600,0.45,3.2196281509823166,1517782,370029,21595362,513193,947983
ASTAR,1600,1600,0.45,8.596634738030843,2183111,3353,65538,4127,947983
BFS,1600,1600,0.45,2.2807836199644953,1275156,3517,198946,1027,194998
DFS,1600,1600,0.45,1.7234182960237376,863289,186003,10812434,258748,194998
ASTAR,1600,1600,0.45,4.667433727008756,1272160,3751,77442,2797,194998
BFS,1600,1600,0.45,3.3583799130283296,1849192,3377,199634,1257,269779
DFS,1600,1600,0.45,3.172425585973542,1650473,68535,3983906,377983,269779
ASTAR,1600,1600,0.45,7.044476125971414,1849110,3935,84594,4459,269779
BFS,1600,1600,0.45,4.537978948035743,2488099,3199,184658,1609,445228
DFS,1600,1600,0.45,3.5033271930296905,1547111,544281,31829954,720166,445228
ASTAR,1600,1600,0.45,10.072675438015722,2487229,3261,59538,6078,445228
BFS,1600,1600,0.45,1.3978287010104395,814856,3425,197730,854,814926
DFS,1600,1600,0.45,1.05074912996497,568584,89035,5195074,135256,814926
ASTAR,1600,1600,0.45,2.819298875052482,811458,3799,78674,2681,814926
BFS,1600,1600,0.45,4.219141205016058,2294965,3247,193426,1634,325491
DFS,1600,1600,0.45,3.447304574016016,1568712,418967,24610578,585759,325491
ASTAR,1600,1600,0.45,9.397891994041856,2293602,3373,64930,5493,325491
BFS,1600,1600,0.45,1.6426477379864082,960091,3237,188322,713,157823
DFS,1600,1600,0.45,1.246907995955553,645512,95535,5587826,144393,157823
ASTAR,1600,1600,0.45,3.266445107990876,949529,3495,70498,1892,157823
BFS,1600,1600,0.45,4.582365620997734,2488613,3203,183826,1617,178728
DFS,1600,1600,0.45,3.5983437650138512,1603432,491889,28771330,702885,178728
ASTAR,1600,1600,0.45,10.109337400004733,2488548,3243,60050,6053,178728
BFS,1600,1600,0.45,3.99642112798756,2220429,3219,184450,1661,95790
DFS,1600,1600,0.45,3.196101147972513,1585947,249639,14579442,471812,95790
ASTAR,1600,1600,0.45,8.84121960902121,2220031,3389,67298,5435,95790
BFS,3200,3200,0.25,18.321790310030337,9310632,6399,744002,2957,758729
DFS,3200,3200,0.25,12.193474673025776,5195903,1895167,221284386,2514350,758729
ASTAR,3200,3200,0.25,40.86112753901398,9310566,6561,246210,9037,758729
BFS,3200,3200,0.25,19.031929936958477,10000316,6399,738562,3142,675434
DFS,3200,3200,0.25,15.086161112994887,6464093,2045821,239015970,2943689,675434
ASTAR,3200,3200,0.25,45.99869199702516,10000304,6475,234274,10834,675434
BFS,3200,3200,0.25,17.66758776799543,9332441,6399,745090,3085,370614
DFS,3200,3200,0.25,10.7512347070151,4281138,2007387,233993442,2817363,370614
ASTAR,3200,3200,0.25,41.424310925998725,9332430,6499,240610,9681,370614
BFS,3200,3200,0.25,19.728889480989892,10083536,6399,756930,3228,802850
DFS,3200,3200,0.25,14.953362005006056,6258394,2201447,257190978,3218224,802850
ASTAR,3200,3200,0.25,46.94221500802087,10083517,6489,236514,11671,802850
BFS,3200,3200,0.25,16.592037940979935,8840897,6399,752066,2736,332157
DFS,3200,3200,0.25,10.48709610797232,4280059,1982527,231680450,2482300,332157
ASTAR,3200,3200,0.25,37.76675792702008,8840882,6677,250466,8318,332157
BFS,3200,3200,0.25,19.14253308501793,9933489,6399,758306,3167,807703
DFS,3200,3200,0.25,13.892068863031454,5717571,2127637,248498178,3159562,807703
ASTAR,3200,3200,0.25,45.39792692899937,9933481,6515,239842,10990,807703
BFS,3200,3200,0.25,18.65938772499794,9814803,6399,731970,3180,614578
DFS,3200,3200,0.25,13.90205929504009,5880408,2100215,245255778,2982918,614578
ASTAR,3200,3200,0.25,44.76904409902636,9814793,6495,235874,11071,614578
BFS,3200,3200,0.25,17.29350076901028,9151186,6399,731330,3213,717590
DFS,3200,3200,0.25,11.39257482800167,4664385,2008871,234723138,2648432,717590
ASTAR,3200,3200,0.25,39.74311172304442,9151164,6615,254722,9772,717590
BFS,3200,3200,0.25,15.519987955980469,8274467,6399,756226,2769,780134
DFS,3200,3200,0.25,9.954439931025263,4086320,1972727,230146178,2105440,780134
ASTAR,3200,3200,0.25,34.0690237339586,8259794,7029,294082,6971,780134
BFS,3200,3200,0.25,15.690012957027648,8353908,6399,746306,2646,490776
DFS,3200,3200,0.25,10.40835689601954,4332311,1900893,221792354,2067326,490776
ASTAR,3200,3200,0.25,34.45609431702178,8353367,6815,265954,6804,490776
BFS,3200,3200,0.35,17.449705020990223,9164083,6405,744994,2965,516729
DFS,3200,3200,0.35,11.750097209995147,4946209,1728293,201794658,2362118,516729
ASTAR,3200,3200,0.35,40.74221445602598,9164032,6687,257186,10458,516729
BFS,3200,3200,0.35,17.13538122404134,9025432,6407,751938,2867,471314
DFS,3200,3200,0.35,12.309331352007575,5231124,1892973,221129090,2466793,471314
ASTAR,3200,3200,0.35,39.617080990981776,9020079,6739,258338,9010,471314
BFS,3200,3200,0.35,14.491225333011243,7731355,6455,765506,2746,819568
DFS,3200,3200,0.35,9.875561180000659,4485413,1193091,139381442,1286965,819568
ASTAR,3200,3200,0.35,29.51156886998797,7444404,7787,309922,6077,819568
BFS,3200,3200,0.35,18.426945752988104,9640134,6421,745762,3394,82881
DFS,3200,3200,0.35,13.37258581398055,5650018,1812179,211327810,2644155,82881
ASTAR,3200,3200,0.35,44.570788180979434,9640105,6701,262402,11545,82881
BFS,3200,3200,0.35,13.542058660008479,7277875,6489,744642,2479,702901
DFS,3200,3200,0.35,8.514455416996498,4044067,1110831,129822978,1114559,702901
ASTAR,3200,3200,0.35,28.5833222399815,7270064,7265,328130,6304,702901
BFS,3200,3200,0.35,18.772190165997017,9805097,6399,756802,3125,410026
DFS,3200,3200,0.35,14.38060197402956,6390245,1586613,185386306,2300389,410026
ASTAR,3200,3200,0.35,44.59060589800356,9798446,6495,237602,11398,410026
BFS,3200,3200,0.35,17.841934538970236,9436060,6399,737026,2797,940770
DFS,3200,3200,0.35,13.194530557026155,5686638,1958049,228725538,2595831,940770
ASTAR,3200,3200,0.35,41.48197219701251,9412086,6517,235778,9607,940770
BFS,3200,3200,0.35,14.126886264013592,7587756,6399,745826,2220,768241
DFS,3200,3200,0.35,9.039665882010013,4191419,1259327,147227170,1341699,768241
ASTAR,3200,3200,0.35,26.53748938901117,6706821,6949,268834,5485,768241
BFS,3200,3200,0.35,17.798434144002385,9387082,6399,750626,3016,641618
DFS,3200,3200,0.35,12.08876437402796,4975233,1944871,227089218,2787237,641618
ASTAR,3200,3200,0.35,42.09757211100077,9386961,6509,238914,9370,641618
BFS,3200,3200,0.35,13.805249030992854,7406517,6409,735842,2579,507904
DFS,3200,3200,0.35,8.00270473404089,3759737,1185249,138390562,1237527,507904
ASTAR,3200,3200,0.35,29.043981796014123,7155333,6813,271234,7720,507904
BFS,3200,3200,0.45,1.7265606570290402,1030240,7197,840194,639,435685
DFS,3200,3200,0.45,0.990413781022653,550558,114705,13365346,147873,435685
ASTAR,3200,3200,0.45,3.2838843379868194,1028845,8277,374114,1591,435685
BFS,3200,3200,0.45,17.080753067974,8646953,6399,761314,3378,763054
DFS,3200,3200,0.45,11.897388003009837,5340538,1031725,120313730,1514069,763054
ASTAR,3200,3200,0.45,38.44283193000592,8646199,6507,239426,8975,763054
BFS,3200,3200,0.45,3.8692514420254156,2211717,8615,1022978,665,738857
DFS,3200,3200,0.45,2.4820831029792316,1250905,249427,29112802,335249,738857
ASTAR,3200,3200,0.45,7.540172472014092,2211701,9813,428706,2074,738857
BFS,3200,3200,0.45,13.387474652030505,7053821,6401,774850,2078,937598
DFS,3200,3200,0.45,10.848455573024694,5215826,518397,60578050,961587,937598
ASTAR,3200,3200,0.45,29.06987060199026,7053415,6613,252226,5965,937598
BFS,3200,3200,0.45,9.631943156011403,5186860,6453,747906,2139,944643
DFS,3200,3200,0.45,8.305176955007482,4109423,488949,56913794,699519,944643
ASTAR,3200,3200,0.45,20.48844205995556,5208933,7387,283202,6189,944643
BFS,3200,3200,0.45,6.952920075971633,3774725,7279,840802,2020,891798
DFS,3200,3200,0.45,6.323878597992007,3017613,565789,66193218,820677,891798
ASTAR,3200,3200,0.45,16.787425986025482,4290989,8773,354658,5914,891798
BFS,3200,3200,0.45,10.090213231975213,5399700,6493,767234,1635,136069
DFS,3200,3200,0.45,3.578042456007097,1713201,432219,50545954,618308,136069
ASTAR,3200,3200,0.45,21.29834027797915,5390504,7155,280194,4516,136069
BFS,3200,3200,0.45,15.903363369987346,8317068,6399,752898,3074,131751
DFS,3200,3200,0.45,12.233367309032474,5361220,1523031,177926978,2102299,131751
ASTAR,3200,3200,0.45,36.48371619603131,8314371,6517,238434,8396,131751
BFS,3200,3200,0.45,6.013216591032688,3261168,7579,880866,1358,331831
DFS,3200,3200,0.45,3.9429533799993806,1959886,336925,39340098,572356,331831
ASTAR,3200,3200,0.45,12.123190535989124,3273585,8739,376578,3914,331831
BFS,3200,3200,0.45,16.09747601795243,8434100,6399,744386,3114,932147
DFS,3200,3200,0.45,12.769228375982493,5968207,906679,105726114,1473080,932147
ASTAR,3200,3200,0.45,36.99658770399401,8433614,6779,255746,9343,932147
BFS,5000,5000,0.25,47.97755035199225,21899362,9999,1834902,4351,119658
DFS,5000,5000,0.25,25.81558968796162,10530307,4858891,886967802,6306433,119658
ASTAR,5000,5000,0.25,115.88774202601053,21899353,10285,601402,13648,119658
